class,text
Neutral,@brady I am surprised @apple did not think of/anticipate that......
Neg,@apple #siri can't connect to the network -- it's LESS useful that VoiceControl now... :(
Neutral,RT @MyMelange: Wall to wall people security and a huge line outside just to get in the @Apple store.  http://t.co/i1khkgJm
Neg,9% now on my second full charge of the day. Pissed @Apple
Neutral,RT @hofmania: I just paid someone to wait in line at the @apple store this morning for me on @zaarly #putapriceonconvenience #iphone htt ...
Pos,Video card on @Kimaris workstation died after just six months. So long @hp. Hello @apple.
Pos,@apple loving the new IOS5 upgrade for the iPhone!
Neutral,#Win an @Apple iPod Touch from @Mommy_gaga get the @Pampers Hello World Baby Memories App! http://t.co/YUydxo1t #PampersHelloApps
Neutral,@apple store #Towson waiting at Genius bar - huge crowd waiting for #iPhone 4s @michaelmark @nicolelil http://t.co/x92sweCh
Pos,dammit listening to siri is making me want to upgrade. well played @apple.
Neutral,#Iphone5 can you please make The battery last longer thanks @Apple
Neutral,Found out the hard way today that @webex does not work with @apple ios5 yet when you are following a link for a meeting..
Pos,So yeah... @apple #iOS5 #readinglists have changed my life. #nowicanspendevenmoretimeonmyphone.
Neg,@apple why isn't my iTunes updating? I just wanna update my iPhone to IOS5!!! Then iTunes says that it needs to update to do it. Then fails!
Neutral,Check this video out -- moe. plays Live on iPads. Video dedicated in memory of #SteveJobs http://t.co/XSiyDnqu @ipad @mac @apple #brilliant
Pos,I love @apple service . My case has cracked 3x and I go in and they hand me a case and I walk out
Neg,Now @apple won't let me use credit on @iTunes unless I have a credit card. Should have told me when I redeemed the cards. Sound fair to you?
Neg,I don't really like Siri's voice. Perhaps @apple can get Star Wars voices just like @garmin http://t.co/pSUJg9pN
Neutral,@apple @appstore @mac @iOs @Ipad @siri Will siri be available for iPad 2?
Neutral,Bah! Genius BAR // RT @edatpost: .@Apple fan Eric Holder spotted at the Genius Store http://t.co/FTLttLPn
Neg,Why book @Apple Genius Bar if after 2.5 hours you still can't be served. Disappointing Apple Store Sydney. #thanksfornothing
Neutral,@notleifgarrett @apple wished their on hold music played Pictures of You.
Pos,@SteveJobs being honored tonite @Apple...A truly great loss to the world.He will so be missed
Neutral,got the new @apple update
Neg,Ok this @Apple software update for the #iphone is taking waaaaay too long!#annoyed
Neg,Been on hold with @apple customer service for 25 minutes. Wow lt's like they're #timewarnercable.
Neutral,Does the iPhone4S no longer have that stupid 'network lost' pop up - possibly the most annoying thing ever that you cannot turn off @apple ?
Pos,i used to be with @blackberry over 4-5yrs .. after all the disruptions and lost gigs thx to their service im moving to @apple #iphone
Neutral,Smart as hell. The Great Tech War Of 2012 (@fmanjoo / @FastCompany) http://t.co/XiJYUoHZ Fab Four: @apple @google @amazon @facebook
Neg,@apple needs to hurry up and release #iTunesMatch
Neutral,Iphone update is great but seriously @apple let me delete stuff I dont want like gamecenter. Steve wont mind...
Pos,Well @apple fixed my #ios5 battery drain problem with a replacement iPhone 4 -- it's working like a champ now
Neutral,IHS: iPhone 4S shows key design and component changes. http://t.co/UxfA8Ukg  @apple #apple #iphome4S #ios5
Neg,The one #iphone feature still missing since @apple first showed it.. Contacts pictures on the contacts list! Simple yet 5 major updates miss
Neutral,@Keke71 @blackberry @apple haha I know. So sad.
Neutral,RT @shanmoorthy: Next year is going to be really interesting in tech as @Google @Amazon @Facebook and @Apple vie for new growth areas  ...
Neutral,@apple should make Siri avalible for all devices not exclusive to the iPhone 4S
Pos,Currently ordering a BRAND NEW MACBOOK PRO!!! Bahhh... my MacBook is 5 years old. I'll miss it. But it's time. cc: @Apple -
Neg,Warning: if iphone apps spontaneously loose data it might not be the app's fault - http://t.co/1SEsvWwm #ios5downgrade @apple @marcoarment
Pos,@apple Siri is amazing
Neutral,@apple Give Siri back!
Pos,hey @apple I hate my computer i need a #mack wanna send me a free one.
Neg,@Apple thank you for sucking so much. I cannot believe you would sell something online that isn't made
Neg,@hbogo @apple - why don't you play nice and let me use HDMI from iPad?  Pretty lame.
Neg,Is it me or does #iPhone4s run a little warm sometimes? @apple
Neutral,Right. Migrate from older mbp to imac using ethernet not firewire. Thanks Drew for saving me some $. @apple http://t.co/IAHHaGXy
Neutral,iPhone 4S 8MP camera : Its a SONY. http://t.co/njTHOi2x @sony @apple #apple #iphone4S #cameras
Neutral,@JarjarTee @apple That's really good. Makes you happy to pay the infamous @apple tax :)
Neutral,picking up my #iPhone4S in two hours @Apple!
Neutral,The great tech battle ft @facebook @amazon @apple and more http://t.co/ws4lWWXy via @fastcompany
Neg,@mashable @apple iphones r 2 expensive. Most went w/ htc/galaxy. No customer loyalty w/phone comp..
Neg,@phxguy88 @Apple @BGR That's why all the ppl who stand in line for hrs to get the newest model are suckers...
Neg,@Apple Siri is down!
Neutral,The takeaway from the @Apple earnings call?  Even Apple needs a new iPhone release every 12 months to stay competitive. cc: @hblodget
Neutral,RT @iancollinsuk: Apple have just announced they sold 4 million phones this weekend. Incredible. That recession continues to bite @apple ...
Neutral,#Steve #Jobs #Tribute iPhone 4S Cases Now Available #iphonecaseshttp://t.co/2hyurIiq#stevejobstributecases@ikaveri @iamsrk @apple
Neg,@apple your update server has been timing out for a week. i had to force a restore w/the new #iOS5 software. lost all my stuff. thanks!
Neg,@Apple - #Siri is not working due to network problem? Seriously? Can you fix this? #iPhone4s #Fail
Pos,_ibertaddigital.tv/ iPad a briliant SteveJobs produck http://t.co/00ohfLY6@Apple present... http://t.co/DBbWSDpx
Neutral,iPhone 4 S now RESERVATION only if you want to buy it in an @apple store tomorrow you have to reserve online after 9pm tonight
Neutral,This video brought a small tear to my eye http://t.co/3va2ninp. Watch to @SteveWoz opinion of #SteveJobs and @Apple
Neg,This is the first time I've been unhappy with any @apple product... Disappointed and the Internet seems as confused as I am right now.
Neg,Hey @Apple...I know Steve Jobs died & all but my Twitter for iPad app keeps crashing...Fix it...NOW..please..lol -F.Light
Neg,@apple the reservation system not working shows no products avail let alone iphone 4s I had the site open in 3 browsers at 9 PM and nothing
Neutral,How I manage my businesses/life: @pivotaltracker @37signals @twitter @googleapps @apple @dropbox @wordpress @dreamhost THX
Neutral,#motoactiv? Methinks @apple and maybe @Nike are already prepping lawsuits
Neutral,@Apple how fun wouldn't it be if it was possible to integrate  ( soon to be named ) with notifications?
Neutral,@Apple Not Likely to Win Appstore Suit Case Against @Amazon http://t.co/GNcDGQsc
Neg,@albertmal88 remember @apple is evil. #icloud entering the #dropbox market
Neg,@apple is there a problem with iOS 5 that is preventing audio apps and audio functions from operating properly? I keep losing sound.
Neutral,@davidcohen Sounds like 2nd day strategy isn't working. We got ours yesterday - in and out in no time. @Apple staff awesome/efficient!
Neg,RT @ScottDugas: Warning: if iphone apps spontaneously loose data it might not be the app's fault - http://t.co/1SEsvWwm #ios5downgrade  ...
Neutral,@apple stuck it to @amazon when it unveiled iCloud showing that the placement of 'i' before the name of even a failed effort yields success
Neutral,Going to the @apple store today to get this laptop situation figured out
Neutral,this reader button for safari is perfect for fic @apple #ios5 #stevejobsday
Neg,@electricsoup It has to connect to @Apple to process commands which it is failing to do right now
Neutral,..... Um why No black people@Apple
Neutral,@apple can you get your iphone to stop vibrating when you get a text?
Neg,Only thing bad about the new @canon camera is that it has two compact flash cards... not one of SD. SD goes in my @apple computer. Damn you!
Neutral,Digital X Worldwide | Today Is Steve Jobs Day In California @apple http://t.co/QSCHuMIN
Neutral,I want Siri on my iPhone4 ! @apple
Neutral,@Apple why no Macbook mirroring onto AppleTV via #Airplay?
Neg,I hate my @apple computer.  Thats 3500 dollars down the drain.
Neutral,Too many iPhones.  @apple @dcoult #FirstWorldProblems http://t.co/Ck4yfFSY
Pos,I'm a current @Blackberry user little bit disappointed with it! Should I move to @Android or @Apple @iphone
Neg,This. RT @bonkoif Looks like @Apple did not appropriately project the resources needed for Siri. Not very reliable
Neutral,#Win an @Apple iPod Touch from @Mommy_gaga get the @Pampers Hello World Baby Memories App! http://t.co/nDRpciY9 #PampersHelloApps
Neg,removing all @apple shit.
Pos,My iPhone 4S battery lasted longer than a day. That hasn't happened since my edge iPhone. Nice job @apple.
Neg,Just searching with my voice on my 2 year old nexus one @apple.
Neutral,@apple Iphone's & Ipad's beautiful technology but alltogether mainly a marketing platform. It's obscure is'nt it? Apple lost it's touch.
Neg,@pmphillips @apple If my non-Apple equipment broke this often I guess I'd need an Asus genius bar. But it doesn't so I don't :-)
Neutral,U know the @apple company are giving out 500 iPads because Steve jobs past away
Neutral,As tribute to Steve @apple i'd consider renaming #Siri to Steve - he'll get your #Jobs done!  Forever remembered for his legacy.
Neg,oh.. my iphone is overcapacity huh?! -____-  @Apple won't let me be great!!!
Neg,I wish the Apple updater would stop trying to ram iTunes down my throat. I don't own a pissing iPhone @apple
Neg,Damn you @apple for breaking wififofum! It continued to work in ios 4. Was one of my most used apps. Damn Apple's overbearing policies!
Neutral,Good or Bad results for @Apple ? Depends on who you ask apparently http://t.co/yDH8ffxE
Neg,RT @JimMcNiel: if @apple does not resolve the #Siri network issues they will need to rename a great product to Sorri - Who else is havin ...
Neg,@apple What's the point of iCloud wireless updates when ios5 now forces me to use the computer to charge my ipod touch now? #worstupdateever
Neg,Clarence Thomas must have designed the new OSX lion tossing decades of workflow standards @apple bring back save as! #autoSaveSucks
Neg,@apple why is my iPhone battery so crappy #fail
Neg,Love @apple downloads. 4 hours and i-pad now wonky! #ripstevejobs #thenonsensepersists #neednewipadguide #fatfuckingchance
Neutral,@apple http://t.co/awASwV5u
Neutral,RT @fredbenenson: Hey @twitter and @apple this is pretty dumb. http://t.co/kubkPO0T
Neg,@apple I committed to your cloud storage iDisk and now it's raining :-( so soon no more iDisk.  Any plans for a new service for storage?
Neg,but seriously @apple finance me a damn phone you greedy bastards! OR Santa...get your jolly ass in gear and get us a 4S - white plz
Neg,As a huge podcast fan - I really feel like @Apple dropped the ball on this one. http://t.co/wvzPrbCI via @Carrypad
Neutral,Just realized Apple doesn't even have @Apple on lock. This dude R.J. Pittman waiting for thee fattest check.
Neutral,@apple #siri http://t.co/k7b686hX
Neg,RT @tomcolontonio: Didn't it occur to @apple #apple that ppl share iTunes accounts amongst family's ?????Wtf!!!!
Neutral,SpeechTrans http://t.co/TW3SzX61 on @Apple App store listed as the #best bi-directional #Speech To Speech #Translator --- Posts on Twitter
Neutral,Yeah there's no @apple twitter account.
Neutral,Will @Apple's Mac ever properly be used in the financial markets or is it purely a creatives device? Shift from IBM to Mac? #finpanther
Pos,So I am using my work PC (NEVER EVER) to get a feel for it; it has the worst speakers ever!! @apple you have spoiled me!! #imamac
Neg,@apple @iphone Please deliver my daughter's i4s she is driving me nuts #iphone
Neutral,@apple store to get my phone fixed... ppl lined up for 4s http://t.co/aUHQLiVy
Neutral,Video: SIRI also gets angry. http://t.co/ksX2XZoR  @chrisvoss @apple #apple #siri #iphone4S #Ai
Pos,@KostaTsetsekas @apple Putting it in the wash is kind of the equivalent to Will it blend? Glad to hear it's still alive.
Neg,So apparently @apple put MB cap on your SMS with the new update. 25mb storage before it tells you your inbox is full. What is this 2001?
Neutral,What's up #twitpeeps? How's every @apple user liking iOS 5?
Neutral,Apple Users Get The official Kalifornia Cavi App on your Apple Device now on  - powered by @Apple - Download it free http://t.co/HlGnvlRw
Pos,#Siri now knows who my dad mom brother and girlfriend is.  Thanks @apple
Pos,@apple..good ipad
Neutral,@apple #readyfor5.0.1 http://t.co/M2FqakYr
Neutral,iPhone 4S vs Canon 5D MKII. @apple @canon @iphone http://t.co/PvKqad33
Neutral,@Apple's Success is Also #Google's Gain as #Mobile #Advertising Balloons http://t.co/0400ynQY
Neg,@apple you can suck it you and your fucking iPhones better be glad it's all I like cause the service Is fucking terrible
Neutral,Follow me and I follow you!! @iOS5 @fansoflilwayne @follow @apple
Neutral,@samsung and @apple never rest as they battle in court yet again over tablets.(not the pills)
Neutral,...now with Siri were talking to our iPhones... how will we ever know if people are really truly crazy? :P #iphone4s #Siri #apple @apple
Pos,Thank you Steve @apple store 5th av. http://t.co/nSAisriP
Pos,@azee1v1 @apple @umber AppStore is well done so is iTunes on the mobile devices.  I was talking about desktop app.
Pos,Save me from #HP's unwanted OS! Help me buy an #iPhone! I have seen the light! #lol http://t.co/8gUP9Acz #backchannel @apple
Neutral,RT @iancollinsuk: Apple have just announced they sold 4 million phones this weekend. Incredible. That recession continues to bite @Apple
Neg,@apple No I won't wait until thursday for an available appointment just so a 'genius' can tell me I'm shit out of luck. #now
Neg,It would be great If @Apple would send my new phone. #frustrated
Neutral,Cat accusing tiger for roaring  #Samsung on @Apple
Neg,RT @gdcurry: Really @Apple?  What have you done to my iTunes now?  I can't click on Music Movies TV Shows or any playlists. I get a l ...
Neg,For being the inventor of the computer mouse  Why is it that @Apple has never made one that is not a complete piece of fucking shit?!!?
Neutral,eating @apple xDD
Pos,Create new folders from within your photo album in #iOS5 finally!! Thanks @Apple that's been a thorn in my side for a while. #newfeature
Pos,@apple the iPhone 4s is great #genius
Neutral,Do wish @hudl would come up with a native @apple Mac version of their video editor especially with HD video.  But love everything @hudl
Neg,Also @EricGreenspan don't forget @Apple stop closing the app store after each bloody purchase...
Neg,Houston we have a problem!! My iPad has been restoring for 12+ hours after installing @apple IOS5. This can't be right....
Neutral,RT @TravisDommert:Is leaving Steve's photo on the @apple home page what he would really want? In his honor...let's get back to #innov...
Neg,It's been 24hrs since I reported @ups theft of my iPhone and @apple has done nothing. No return call as promised. Nothing.
Neutral,Waiting on line @Apple store at west 14th Street.
Neg,Oh just fuck you @apple. Already?? ---&gt;  iPhone 5 on schedule for summer launch? http://t.co/Ofh9PTaG via @BGR
Neutral,@AsimRang @apple @umber the podcasts feature works just fine music purchasing is straight forward what else do you want?
Neg,fuck u @apple
Neutral,@Apple buried the ability to manage #newsstand subscriptions under App Store Settings. This is inconvenient at best.
Neutral,@apple expanded the app store to more than 20 new countries in the december quarter
Neg,@AsimRang @apple @umber the desktop app is wack though
Neg,@Apple iTunes is the worst program ever. For such a great phone you make some awful software.
Neutral,Wow... @Apple sold 4 million iPhone 4S in a single weekend... http://t.co/WDLHZsza
Neg,All I can say about @Apple right now is #GoodRiddance  See? Cancer isn't ALL BAD!
Neutral,RT @TravisDommert: Is leaving Steve's photo on the @apple home page what he would really want? In his honor...let's get back to innovati ...
Neg,Apparently @Apple genius training doesn't extend to clocks & service. They're half an hour late for my appointment and couldn't let me know?
Neutral,@apple So why is Siri only available on the iPhone 4S ?   - http://t.co/QZuNgyLW
Neg,RT @CircusTK: I'm wit chu!! @ShayDiddy: Officially boycotting @ups!!! Calling @apple to curse them out next for using them wasting my t ...
Neutral,@reddclay81 Well then!P.S. Did you respond so fast because of @Apple 's #iOS5 ?
Neutral,RT @TimjwDowning: #iOS 5  is a great system but it's taken all day to download @apple
Pos,Not Bad! @Apple Sells Over 4 Million #IPhones in Debut Weekend - Bloomberg http://t.co/AVSl3ygU - #smartphone #sm RT @VinodRad
Neutral,has the new iOS5 changed the way the iPad charges? I've noticed I can charge from my laptop & iPhone charger now @toptweets @BBCClick @apple
Neutral,@Apple why do you have such a beef with @Windows?  #cantwealljustgetalong
Neutral,can't wait for @Spotify and @Apple to integrate with Siri.
Neg,THiS IS WHAT WiLL KiLL APPLE http://t.co/72Jw4z5c RiP @APPLE
Neg,So my iMessage still isn't working! @apple
Neg,@Apple your service experience is really fucking slipping (except for cute eyelash batting girlies). (@ Apple Store) http://t.co/dOHDEnMg
Neg,@paulens It surprises me that @Apple throws up an error alert about authorizing and there's no Authorize this computer button.
Neutral,A Great iPhone 4S Review @engadget @iphone @apple http://t.co/gX07Qywe
Neutral,@apple please provide support for a Bangla keyboard in iOS. It would make the life of many Bengali iOS users easier! #iphone
Pos,Once again getting great customer service from the @apple store at millenia mall.
Neg,@apple thanks for ios5 - loving having my music breaking up like I'm talking on a mobile (cell) phone. Bring back functional 4 #iosdonwgrade
Pos,Love #ios5 Easter eggs. Pull down from middle top to bottom and see what pulls down. Awesome little feature! @apple #lovemyiphone
Neutral,Too bad I'm not an @Apple junkie. #icloud #apple #ios5
Pos,Hilarious @youtube video - guy does a duet with @apple 's Siri. Pretty much sums up the love affair! http://t.co/8ExbnQjY
Neutral,@apple underplayed the power of the iPad via @mitchjoel &lt;yup #SOCAPac11
Neutral,@paulbentleymelb @apple I think they call that profit-making 'genius'
Neg,@philipgrey: dear @apple why you gotta go change the way &lt;input type=number&gt; is handled out of the blue?
Neutral,Flowers & Apples shower the Santa Monica @Apple store in honor of #SteveJobs http://t.co/xGf60gMs
Neg,RT @cjwallace03: So apparently @apple put MB cap on your SMS with the new update. 25mb storage before it tells you your inbox is full. W ...
Pos,RT @tomkeene Thx @instagram Thx @apple #hypo #D-76 #tri-x http://t.co/BPPJwncp
Neutral,These cos are worth billions: @Apple @Facebook @Google & @Amazon and they are battling for consumers  http://t.co/4WxPCH9h via @fastcompany
Pos,@Apple downloads of iOS 5 are proving popular with users  -- http://t.co/NSHLfiUX
Neutral,@ATTCustomerCare @att @apple I already have an ATT wireless line. Can I buy a factory unlocked iPhone 4S with my contract?
Neutral,My friend @bm88 found this article on the #ios5 battery drain problem http://t.co/zMX85Fkd @apple
Pos,The #iphone4s is  amazing. Siri's voice recognition is absolutely a step above previous attempts. Bravo @apple
Neutral,@apple gonna see if anyone stayed logged into their fb or twitter #TroubleMaker
Neg,The line at the @apple is just STUPID
Neutral,@fashionNOGuilt haha! tomorrow should be less hectic too! 'cause everyone and their moms was at the @apple store today! ;]
Pos,Thx @instagram Thx @apple #hypo #D-76 #tri-x http://t.co/D7EeJHBT
Neg,@apple I'm still waiting for you to deliver my phone to @sprint
Neutral,@AsimRang @apple @umber when you upgrade to ios5 there is a section in app store which lets you download anything you have purchased before
Neutral,@bidmyway I like your app for the @apple iPhone very simple and easy to use!
Neutral,SpeechTrans http://t.co/TW3SzX61 on @Apple App store listed as the #best bi-directional #Speech To Speech #Translator ---- Posts on Twitter
Neg,Iphone 4s siri doesn't work for shit @apple
Neutral,RT @rickholgate: Packed session on @Apple and @Google at #GartnerSYM. Indicator of today's mindshare?
Neutral,WOW DOGS!!@Apple w/Starr earlier - upstairs in the huge soho store and all of a sudden she sprung to attention... http://t.co/b2PLMYVD
Neutral,#SteveJobs memorial at the Leawood @Apple store. http://t.co/UVgb05G6
Neg,. if u need me just text me o wait u i wont get it cuz @apple fucks me every time #fuckingpissed
Neg,@apple No location reminders on ipad2! That was the point of updating to iOS 5
Neutral,#iMessage is here wid iOS5 RIP #BBM @cultofmac @apple
Pos,I &lt;3 @apple http://t.co/ondXWpEr
Neg,*sigh* @apple store seems stumped what to do about my catastrophically bad battery life after upgrading to #ios5
Neg,#Siri went down for a little while last night. Come on @apple! Get your shit together on this launch!
Neg,RT @nansen: so this SMS full message is known @apple issue with new iOS5 update. trying restore. When all else #fail - restore.
Pos,From which companies do you experience the best customer service aside from @zappos and @apple?
Neg,what is going on with all my @Apple products?! First my #iPad freezes (still is frozen) and then my #iPhone won't turn on!!! #techieTroubles
Pos,Time to go get my iPhone 4s.  Looking forward to sticking it to the man by no longer paying for most texts.  Thanks @apple.
Neutral,I don't get it. Instead of @apple dropping the 16GB iPhone 4 down to $99 they release an 8GB one for $99???
Neg,@apple: Multiple times siri is having trouble connecting to the network.  Siri needs servers (and some exercise!)
Neg,@apple If you want to know what customers think dont send updates with the noreply return address. Who invented that anyway. #useless
Pos,4 millions in a weekend 16 #iPhone4S per second. This is madness?! no this is @Apple !!!
Neg,DAMN YOU !!! @apple
Neutral,Hi @apple. Household has 4 iphones 2 ipads 2 minis 2 apple tv AirPorts Timecapsule +. Whats a usable iPhoto sharing setup? /cc @maddox
Neg,i officially HATE @apple... fix your damn itunes.
Neutral,Comparing the @apple & @BlackBerry apps/interfaces can anyone imagine how @BlackBerry could have done worse? #sadreally
Neutral,New #iOS5 notification center is a big improvement but @apple missed an easy trick by not making it fully available on lock screen.
Neutral,Ever since I cleaned my Mighty Mouse ball with alcohol to get it rolling again any time I click the ball it acts like a left click. @Apple
Neg,@apple give me my apps back!!!
Neutral,@Apple Stores to close for one hour on October 19 to watch #SteveJobs #memorial http://t.co/fbjqb5RA via @9to5mac #tech #porchista
Pos,Just downloaded IOS 5. It's better than I expected! #thankyou @apple
Neutral,RT @bsdalton: @apple underplayed the power of the iPad via @mitchjoel &lt;yup #SOCAPac11
Neutral,Now who can guarantee that @apple hd nothing 2 do with @Blackberry RIM server failure?!Days after over 4million iPhone 4S sold in 3days!?!
Neutral,In case you were curious like me.... IPhone 4S: Which Apple #iPhone is Best for Price Features? http://t.co/d1LonCzc @Apple #HealthIT #EHR
Neutral,Twitter buzz for Best Buy: http://t.co/9SesENTu - RT @acappellamedia OH: Sales guy @BestBuy: &quot;I'm not selling or using any @apple p...
Neg,If @apple doesn't fix iOS5 this week I'm buying a droid #emptythreats
Neutral,@thejcurt unlocking it at @apple store. RIP Mr. Jobs.
Neg,Why is the new @apple iPhone OS duplicating all my iCal events? There's 2 of everything. How do I fix it? (tried turning iCloud off)
Neutral,#Siri I could have done with out its not that great #iPhone4S I hear the #iPhone5 is coming out #2013 @apple.inc
Neutral,started out as a trip to the @apple store. turned into a spontaneous fun evening w @MolleyMoody. we danced while trying on outfits. #girls
Neutral,Ya hoo! @Apple sells 4 million iPhone 4S in 3 days http://t.co/rvdjSMMi (via @news360app) $AAPL
Pos,@alexlindsay My wife upgraded her iPhone 4. I think Siri alone is worth the upgrade. Looking forward to @Apple continuing to enhance Siri.
Neutral,@Apple very disappointed Hogwarts not choice on world clock on iPhone
Neutral,Waiting patiently for me at the @apple store. @Badog420 http://t.co/NaFaeXuh
Neutral,@xwordy iCloud was new; I didn't need weather or stocks but they were there pre #ios5 so I'm not hopeful that this will help @apple
Neg,Every time I try the voice control on my iPod Touch to send an iMessage it starts playing Who Knew by Pink.  Still not Flawless @Apple
Neg,RT @Jewelz2611 @mashable @apple iphones r 2 expensive. Most went w/ htc/galaxy. No customer loyalty w/phone comp..
Neutral,Today's headline: @apple reports lower 4Q earnings. Headline in 3 months: @Apple reports record Q1 earnings.
Neg,@chascouponmom @apple I get they are busy w/ the new phone but I just wanted to buy a stylus. they made me wait forever outside & never
Neutral,Gee I can't imagine that the maps app graphic from this Samsung website will help their court cases vs. @Apple: http://t.co/PmanMoAh
Neutral,RT @TheMacMob: Sprint Verizon & AT&T @Apple Stores http://t.co/ZOzR0UUz
Neutral,@FastCompany - The Great Tech War Of 2012: @Apple @Facebook @Google and @Amazon duking it out - http://t.co/HXsAlzPv via @ADerricks
Neutral,@Apple sells record 4M #iPhone4S phones in first 3 days!
Neutral,RT @Apple Yea our stores are open 7 days a week RT @Wasalu_Flora Me too? RT @DJ_BMONEY iPad ..+ iPhone 4s..= My Christmas gifts to my self.
Neutral,Watching iGenius on @Discovery. Based on first 13 minutes @Apple never should have gone public in 1980.
Pos,RT @MattyRiesz: @kathrynyee You were right an iPhone is a must have. #addicted {WELCOME TO THE @APPLE CLUB}
Neg,Spoke to an @Apple rep on phone & could hear her tv blaring in the bg.  She said I can't actually help u just direct u back to the web
Neutral,@sprint is slow slow slow. beware when signing with #SlowSprint. @apple #iphone #iphone4 #iphone4s #Siri #android #TheBufferingNetwork
Pos,Great up close & personal event @Apple tonight in Regent St store!
Neutral,@apple store NY
Neutral,@twalve too busy having slappy hissy-fits with Samsung? @Apple
Neutral,@_alastair w/ respect the old alternatives were talking to a computer in india or the geek squad. @apple does a pretty great job.
Neg,By far the worst experience upgrading out of any version of iOS @apple #iOS5
Pos,I'm loving this new IOS5 update :) @apple
Neg,Would it kill @apple to put a braille type bump on their earbuds so we know which bud is R and L in the dark.
Pos,At the bus with my iPhone ;) thxx @apple
Neutral,#opinion @Samsung need to be careful in @Apple patents issues - it looks a lot like you 'learned' a lot by making their chips!
Neutral,@Apple has a pic of Steve Jobs on their home page. #Honor
Neutral,You know what would be awesome? If @QVC sold @apple iPads on easy pay. #yesplease
Neutral,RT @jldavid: iPhone 4S First Weekend Sales Top Four Million: http://t.co/O7zqnY7K (via @apple)
Neutral,Video: SIRI also gets angry. http://t.co/Xx1chZbN  @chrisvoss @apple #apple #siri #iphone4S #Ai
Neg,Interesting... @apple now requires you to have a reservation ?         #apple #iphone #4S    :  http://t.co/zZK4fTii
Pos,Loving the new iPod update @apple
Pos,I just realized that the reason I got into twitter was ios5 thanks @apple
Neutral,Great post on the upcoming Great Tech Wars of 2012! @amazon @apple @google @facebook http://t.co/OSeqhT7W via @cbillich
Neg,Seriously - I have absolutely no offing clue what @Apple means by authorization nor how to do it.
Neutral,Spell check needed when saving documents - fingers crossed Steve Jobs left that nugget of technology behind on the @Apple to do list. :)
Neutral,Oops! Apparently @apple is some handle-squatter. Tweetbarassment.
Pos,@apple your simply the best.
Neg,@hailfire101 @Irvysan They are... then @apple happened and snatched Siri so they could be douchebags and say 'it's ours!'
Neg,Looks like @Apple did not appropriately project the resources needed for Siri. Not very reliable
Neutral,The iPhone update has segregated my contacts between iPhone users and non-iPhone users. They just had to call out those non-users @apple
Neutral,is it just me or do other people miss the iPod symbol on the iPhone? I had the first iPod it's what I relate to @apple #ios5 #nostalgia
Neutral,Over the weekend @Apple sold more than 4000000 iPhones. Thats about 16 iPhones sold every second.
Neutral,@iancollinsuk @Apple what's incredible is that people still buy into apple as world beater's.....not true anymore.
Neg,@apple So I went to the 5th Ave store and was told I could wait about 4 hours to get a 4S. Needless to say I'm back at the hotel relaxing.
Pos,@Blackberry & @Facebook U R really about to make me throw this @Blackberry in the trash an get an @Apple iPhone! @Facebook upload issues!
Neutral,What's up with @apple stock going up after #SteveJobs death? #Apple #AppleStock
Neutral,Upgrading my #iPad to #iOS5. When @Apple said it could take a couple of hours to install and restore it they weren't kidding.
Neutral,#Win an @Apple iPod Touch from @Mommy_gaga get the @Pampers Hello World Baby Memories App! http://t.co/g8Uof7uz #PampersHelloApps
Neg,iMessage doesn't show the time a message was sent annoying @apple
Neutral,A must read article on @fastcompany about @Apple @Facebook @Google and @Amazon technology war in 2012  http://t.co/nxc7Wo4S
Neutral,Is @Apple's voice #tech really as impressive as the net thinks it is? http://t.co/Rbf23CNX #siri
Neutral,RT @petapixel: iPhone 4S vs Canon 5D Mark II - A side-by-side comparison of 1080p HD video: http://t.co/qMyMIV7z &lt;&lt;@apple Wow!!
Neg,Dear @apple One day you're going to release a version of iTunes that doesn't freeze more often than it works. One day.
Pos,--- RT @Apple No question bro. RT @AintEeenTrippin: Should I get dis iPhone or a EVO 3D?
Neg,Correction: @ Best Buy kudos to Chris @ Alamo Ranch S.A. TX-fixed issues couldn't resolve after 1/2 day w/ @ATT & @Apple. Hero of my day!
Neg,I am so done with @Att and @apple 's profitering and lack of customer service so fucking down with both!!!
Neg,@Apple #iOS5 on iPhone2 causes Camera apperature dilation problems & freeze.
Pos,#10twitterpeopleiwouldliketomeet @coollike @TheGadgetShow  @thelittleappkid @Jon4Lakers @BenRubery @Apple @twitter @FXhomeHitFilm  (-2)
Neg,. @apple & @AT&T u cannot tell me there isn't at least 1 64GB iPhone 4S in LA or Vegas!! Give me a fucking break!!!!
Neg,I made a reservation and yet I still have to wait in line. Humpt! Oh @apple (@ Apple Store w/ 2 others) http://t.co/JZmVBdNm
Neutral,What do we have to do to get Flash on #iPad? @Apple please please please change your mind. Thank you in advance! @kusi_sk  @PeterNemcok
Pos,S/O to @apple for replacing my phone for free
Neutral,RT @thejjmg: My friend @bm88 found this article on the #ios5 battery drain problem http://t.co/Iqa0ipVt @Apple ah mines being sinking...
Neutral,@HTC vs @Apple who winning
Neutral,@iphone4S  #IBM @apple iphone4s. Siri is not Watson @IBMWatson
Neutral,@apple @internode #icloud #ios5 #piracy omg no wonder ive used all my downloads!!
Neg,Sorry @apple but #iMessage will never be what #BBM is. Disappointed.
Pos,@rygurl you need an @apple iphone4S with Siri!
Pos,Laundering Ari's iPhone not my finest moment. But after drying in bag of (organic :-) rice for 4 days it booted up!!!!!!!!!!! @apple
Pos,RT @SawyerHartman: I FU*KING LOVE YOU @APPLE this phone is the best thing ever !! SIRI = BEST THING EVER MADE
Neg,You know @apple It's been almost a week since I paid for iTunes Match I would really like to use it. Any ETA on a fix?
Neutral,Bouquet for Jobs @Apple Store Nagoya http://t.co/pmEcxPug
Neutral,I have 4 @Apple products...
Neg,Oh @apple. Steve obviously had nothing to do with iPhoto as it's the perfect opposite of 'insanely great'. Get it fixed please.
Neutral,More Twitter buzz for Apple Store: http://t.co/hLybd7uc - RT @ji_lee started out as a trip to the @apple store. turned into a spontaneou...
Neutral,@Blogger loves @Apple iPhone. My blogpost finally done through iPhone apps.
Neg,Siri is having a hard time remembering who my sister is. contact card needs space for family info. #iPhone4S @apple
Neg,Anyone else seeing missing signal bars on their #iPhone 3GS with an upgrade to #iOS5? cc/ @applecanada @apple @forstall
Neutral,@nascarwriter right where I left it last week... #iphone4S #Apple @Apple  http://t.co/ksJh8BAS
Neutral,#Siri is kinda slow tho impressed it got my accent and commands first time out. @apple
Neg,+1  RT @Doug_Newton: @apple PLEASE FIX #Siri!!!! She can't connect to your network!!!!!!!
Pos,Thank you @apple for your innovations. Exhibit A: Guy playing with Facetime instead of watching game at sports bar. http://t.co/oU7K39ge
Neutral,@msantram I want @apple to integrate Siri with @Quora.
Neg,why the fuck dose my phone decide its just ganna freeze every time i try to update it so fucking sick of @apple
Pos,We did an unexpected workshop for the #iPhone4S at @apple yesterday and we got an awesome amount of info #notjustaboutthephone @gamerchik16
Neutral,@apple and @nintendo need to partner up for the app store
Pos,Hey @apple if you send me a free iPhone (any version will do) I will publicly and ceremoniously burn my #BlackBerry.
Neutral,@coatgal had a really interestng experience up in the @Apple store though Paul was with me up there faulty #iphone4 - but out of warranty
Neutral,RT @DJTREBEL1: #fail i guess @apple didnt notify these clowns that the iPhone5 isnst out yet.... http://t.co/2yCDNt1B
Neutral,Dear @apple why did my #Apple ID change to my colleagues&#39; when I charged on her Mac? Now can&#39;t download or update apps. #iPhone
Neutral,RT @aplusk: Sending love & light to everyone @Apple & the entire Jobs family.Today we lost a Giant who will be missed even by those who  ...
Neutral,RT @TechHamlet: Thank You Steve : A Song Created for Steve Jobs http://t.co/2vtX8ZJf via @TechHamlet @AzRmusic @Apple #stevejobs #apple
Neutral,@apple @AppStore @ihelpline when r u going to provide the ability to password protect iPad email???
Neg,GAH. @apple iOS 5 opens text messages painfully slow on top of 3 restore attempts 2 succeed. Early adopterness gets better of me.
Neg,Ok Hindi keyboard in #iOS5 is something to cheer about.  But @apple  what about  support for 20+ missing Indian languages!? #FAIL
Neg,ugh! @apple youre reservation page for the iPhone is NOT working.
Neg,Thanks to a 90 minute wait on hold half an hour actually talking to someone the @Apple tech decides to send me an email to fix my phone
Pos,Incredible: 4 million iPhone 4Ss in 3 days. 135% better than the iPhone 4 http://t.co/1FMJxTMM @apple #iphone4s
Neutral,yeah @apple is updated!! planking photos #lmaoo http://t.co/IusXJJDq
Neutral,RT @Apple sells 4 million iPhone 4S in 3 days http://t.co/vElmtzNS via @reuters
Neutral,Hey @twitter and @apple this is pretty dumb. http://t.co/kubkPO0T
Neutral,@hanrahan52 @apple Don't say things you can't take back Joel.
Neutral,Dear @Apple iMessage client for desktop please :)
Neutral,@fabi_m not that I know of. I think it is only on iOS should get @apple to make a desktop app :)
Neg,@PrJusto Don't question the @Apple they will remember your dissent!
Pos,Thank you @apple for Find My Mac - just located and wiped my stolen Air. #smallvictory #thievingbastards
Neutral,Say no to 1000 things. What are you saying no to? 7 Rules of Success from Steve Jobs of @apple #prodmgmt #management #innovation
Neg,RT @RedDeerSteph: @Joelplane @apple I hear you! I've had trouble with my 3 & now 4. I've even turned down brightness. #andshuttingdownru ...
Neutral,RT @ajrogers Purdie Rogers tribute to #SteveJobs and @apple. We spray painted the Macintosh Plus w.. http://t.co/AlDicTd1
Neutral,Why can't I check just Notes (without mail) on Lion for #iCloud like I do on the iOS devices @apple ?
Neutral,If the iPhone 4 case fits the 4S why is @nlevenbrown @apple buying a new one?
Neutral,@Apple has lunched its new OS: iSO 5
Neg,@apple your new Save a Version function in Pages is absolutely the most awful interrupting counter-intuitive piece of crap in the world
Neutral,after being on hold with @apple for the last 30 mins i really like their music selection of on-hold music. White Stripes Ray Lamontagne...
Neutral,@RIM to release new generation of phones in the new year to contend with @Apple... Hmmm.
Neutral,@thatstevegray done that buddy just  surprised that there's no option from @apple & if you turn it back on it brings back the pics u delete
Pos,I just sent my grandma a post card using my #CardsApp thanks @Apple
Neutral,The 'Great Tech War': @Apple @Facebook @Google @Amazon battle for the future http://t.co/sVu8cG1M via @fastcompany
Neutral,But @att is working with @apple to make their iPhone say 4G RT @JFSikora: @TCPJ_Mickey I'm so glad Apple is not slinging that crap.
Pos,RT @TripLingo: We're one of a few Featured Education Apps on the @Apple **Website** today sweet! http://t.co/0yWvbe1Z
Neg,RT @JoelBurns: Dear @Apple it's me again. Thank for beautiful new iOS features. But I miss some of the old ones. Lk making calls & texts&gt;(
Pos,Thanks to @Apple Covent Garden #GeniusBar for replacing my MacBook keyboard/cracked wristpad during my lunch break today out of warranty.
Neutral,Saw that @apple is covered with msgs 4 steve jobs. Nice to kno ppl r still saying #thankyousteve
Pos,@Apple's Siri is witchcraft.  What's next @googleresearch. 2 yr lead lost?
Neg,@apple battery life suck on iOS 5
Neutral,@Apple #RIPSteve RT @davepeck: Steve Jobs and the Seven Rules of Success http://t.co/4nLRLdWy
Neutral,I am now the proud owner of @apple tv thanks to big bro @steveeadie and family!!
Pos,It would have taken me 15 mins to write this with my #Blackberry. Thank u @Apple 4s for converting me and showing me the grass is greener!
Neutral,iPhone 4S 8MP camera : Its a SONY. http://t.co/BIqBEhTb @sony @apple #apple #iphone4S #cameras
Neg,Ok @iTunesMusic idk wth is up but after syncing my phone my album art is out of order! WTF @Apple!
Neutral,Apple have just announced they sold 4 million phones this weekend. Incredible. That recession continues to bite @apple #recession
Pos,@Apple will be adding more carrier support to the iPhone 4S (just announced)
Neutral,#Win an @Apple iPod Touch from @Mommy_gaga get the @Pampers Hello World Baby Memories App! http://t.co/fnbKNwmj #PampersHelloApps Ends10/21
Pos,#iCloud set up was flawless and works like a champ! To the Cloud @Apple
Neg,So glad that I paid $69 for this @apple care protection plan.  Been on hold for over 20 minutes now.  Great customer service. #NOT
Neg,My schedule is 2 busy 2 spend UNquality time with @ATT @Apple 2 recover Iphone again-The mo' mobile I get the mo' immobile I is. Sync Not!
Neutral,@rjakesuk mine is past the warranty and I don't have AppleCare. #ios5 @apple
Neutral,Dear @apple yesterday you sucked. Today you're awesome! Thanks LP Apple store crash and burn mich ave store.
Pos,Finally got the @apple IPhone thanks to @sprint getting with the times
Neutral,Iphone: Watch Siri &quot;Work&quot; On the Old iPhone 4 - @Gizmodo http://t.co/dGPWL0r0 @apple allow commands from iPhone 4. Stop playin!
Neutral,@Apple iOS5 is all well and good and has nice new features but I'm still waiting on an app that will go to work for me.
Neutral,#Win an @Apple iPod Touch from @Mommy_gaga get the @Pampers Hello World Baby Memories App! http://t.co/8MaDmqPc #PampersHelloApps
Neutral,@philipgrey @apple it's kinda sad that's the most relevant tweet I've seen today. Or kinda awesome. I'm not sure. #DevProblems
Pos,I'm OVER people bitching about the #iPhone4S... I think it's the smartest phone I've ever had and I'm very happy.   :)  Way to go @Apple!
Neutral,Loving these names. @Google Chases @Apple With Ice Cream Sandwich - http://t.co/u3LchmGD #mobile
Neutral,Lol @Apple support playing Mary J Blige during the wait time.
Neg,@tomcolontonio @apple #EPICFAIL
Neutral,RT @42Hermy: @Reddclay81 now that were done prasing @Apple 's #iOS5Everyone go subscribe to notsosuperpro! #shamlessselfpromotion
Neutral,RT @Porter_Anderson: 3 principal global players will be active in every market...@Amazon @Apple & @Kobo. @MikeShatzkin http://t.co/1 ...
Neg,@Apple #iOS5 #geolocation Suburbs with 2 words drops Map Pins in other States! Please fix.
Neutral,@Late_Show I would have watched but the folks at @apple have a jihad against adobe flash. Plse consider a YouTube link in future on UR site
Pos,@iancollinsuk @apple I like what you did there...!
Neg,on hold for another half hour. phone is ringing but no one is picking up.@apple you stink.
Neg,@sprint @bestbuy still no word on my iPhone4s preorder.  Best Buy blames Sprint Sprint blames @apple I just want an honest answer.  #help
Neg,Turns out my computer isn't as fixed as it is meant to be. Fuck you @Apple I'm going back to your Genius Bar to complain. #annoyed
Neg,Had issues with #Siri reaching network today. Too many uses or my signal? @apple
Neg,yo @apple this update is a disaster
Pos,@blackberry boo hiss!............@apple wuhu!!!!!!!! When will my berry powered technology actually work??
Neg,@Joelplane @apple I hear you! I've had trouble with my 3 & now 4. I've even turned down brightness. #andshuttingdownrunningprograms #nohelp
Neutral,@Apple  I asked Siri 'if she swallowed' she relied 'Lets see' - wtf do i do now? wank over my phone?
Neg,iTunes is @apple's worst product. Worse than the #Newton or the hockey puck mouse. It's utterly painful to use.
Neg,In less than an hour my post- #iOS5 iPhone has gone from 100% to 73% battery charge and the @apple store folks have no solution for me :(
Neutral,@MisThang2u nope they wouldn't even let me & my mom switch @apple she has an upgrade mine isn't do til march
Neutral,RT @jesperordrup: Hi @apple. Household has 4 iphones 2 ipads 2 minis 2 apple tv AirPorts Timecapsule +. Whats a usable iPhoto shari ...
Neg,Asked #Siri Where's Baby Lisa? and was told sorry I'm having trouble connecting to the network right now. @apple server fail. #ios5
Neutral,Is leaving Steve's photo on the @apple home page what he would really want? In his honor...let's get back to innovation!  Eh @mark_newton?
Neg,Why is  #Siri always down @apple
Neutral,@Bestbuy or @Apple to purchase my imac iPad and printer? #StudentDiscounts?
Neutral,RT @HowardMortman: .RT @edatpost: .@Apple fan Eric Holder spotted at the Genius Store http://t.co/7vZSIXpy
Neutral,You need to ask #Siri her favorite color and the average speed of an unladen swallow. Seems Someone @apple is a Monty python fan
Neg,i update to ios 5 and lose everything on my phone and it wont let me sign into my itunes account... thanks @Apple
Neutral,@Twitter returns a Error 500 when we try to post the link to @Apple Support Community detailing how to turn off auto renewal subscriptions.
Neutral,macbreak weekly @TWiT via @apple airplay in full HD on the 42. finally! @leolaporte @Ihnatko @alexlindsay
Neg,@apple #apple One thing I hater about this #mouse the #buttery finish so fast am not #happy now #macworld @macworld http://t.co/5Uh4a4Vt
Neg,Der iCloud I HATE U  AND I HOPE YOU DIE  YOU ARE THE WORST FUCKING INVENTION IN THE WORLD  FUCK YOUUUUUUUUUUUU #iCloud @apple @stevejobs
Neutral,#Win an @Apple iPod Touch from @Mommy_gaga get the @Pampers Hello World Baby Memories App! http://t.co/en0iacwR #PampersHelloApps
Neutral,Video: SIRI also gets angry. http://t.co/tzigD99b  @chrisvoss @apple #apple #siri #iphone4S #Ai
Neutral,Thinking more I want Android to do an iMessage service & for @Google & @Apple to interconnect. They would if the cared about their users.
Neutral,At @Apple HQ
Pos,RT @To1ne: .@apple thanks for fixing this... http://t.co/wTj1ogDO
Neutral,@Apple's Steve Jobs Gets His Day | PCWorld http://t.co/6gT6w2Od
Neg,anyone else stuck in duped calendar/mail/battery sucking @apple hell? #iCloud and #OSX Lion are a disappointment
Neg,I sure as hell better be able to restore my calendar events. Terrible bug apple! @apple #icloud #anothericloudfail
Neg,Dear @apple your staff at the Little Rock store answered my first 3 questions with I don't know. they weren't hard questions.
Neutral,Big mo: In one week @Apple #iCloud hits 20M users; 25M use #iOS 5 http://t.co/HTpUTBFK via @cnet
Neutral,At the Genius Bar... Waiting @apple store
Neutral,@vlingo is a POOR substitute for Siri!! Yo @APPLE gimmie Siri!!!!
Neutral,RT @edatpost: .@Apple fan Eric Holder spotted at the Genius Store http://t.co/OshPyV2G
Neg,shit shit shit. IOS5 update ate all my apps data and media just like @apple said it would. This is going to take some time to rebuild.
Neutral,@dyanna299 you mean like Muhaimin @apple.com?
Pos,Sorry @BlackBerry I'm moving to @Apple.
Neutral,RT @edatpost: .@Apple fan Eric Holder spotted at the Genius Store http://t.co/FTLttLPn
Neutral,Dear @apple as a hoh/deaf user can you please add options for stronger and longer vibrate for #iphone4s ? Thank you! #hoh #deaf #ally
Neutral,The battle of voice controlled AI platforms. If they were mobile OS ind - same q's as in IE antitrust case in EU? Vlingo v @google v @apple
Pos,.@apple you got me. I'm now invested. MacBook Pro next year. Time to get on selling more of my #android gear
Neg,@amandbrar @apple Siri has worked for me less than 10% of the time. If service doesn't improve by Monday I'm returning my iPhone 4S.
Pos,Love ios5 Easter eggs. Pull down from middle top to bottom and see what pulls down. Awesome little feature! #ios5 @apple
Neg,Bummer that @Apple #iCloud syncs on Windows only w/ Outlook (not Thunderbird) & IE (not Firefox Chrome). #sadmac
Neg,@apple my iPhone is charging very slowly!!!!!
Pos,@apple - you have invented a product that actually gets my brother to call my parents when he gets where he's going. Amazing. #siri #ipod4s
Neutral,RT @HaendelBalzora: dear @apple please invent FaceTime Voicemails. sincerely haendel balzora jr. #apple
Pos,Now all @Apple has to do is get swype on the iphone and it will be crack. Iphone that is
Neutral,I promise this iPhone been at 1% battery for the last 3 hours. I see you @apple.
Neutral,RT @TalkYo_ISH: Dear @Apple Can We Get Some Afro-American Emoticons? -Management
Neutral,In honor of Steve Jobs. @apple #RIPSteve http://t.co/NyjhkNoU
Neutral,Hall Pass had me rolling...... @Apple bee's lookin for nookie really
Neutral,YESSS @apple fix it also slow internet RT @SprintFeed: iPhone 4S owners are you having trouble with Siri connecting to internet?
Neg,An apple update has seemed to render my work machine incapable of opening HDV video. Thanks @Apple. Zero useful productivity today.
Pos,When you want something done right you do it yourself... or go to @Apple. AT&T you're useless these days. #yourdaysarenumbered
Neg,Frustrated that I bought a new macbook pro from @apple only to find it doesnt ship with media! #expensivepaperweight
Pos,Apple sells 4 million iPhones in 3 days @apple keep doing what you are doing because you are doing it well! http://t.co/ZZc6bE0w
Neg,I'm suspecting @Apple timed the health-decline of my iPhone 4 perfectly with the iPhone 4s release... My battery is seriously ailing.
Neg,Hey @Apple: stop sending your automatically-depreciate-all-iPhones-older-than-the-4s signal. My #iPhone4 is dying rapidly processor-wise.
Neutral,@Apple @Facebook @Google and @Amazon battle in...The Great Tech War of 2012 http://t.co/uL9zZKv8 by @fmanjoo
Neutral,I hope @apple will release an app for Siri for us non-apple 4s users. #apple #iphone #siri
Neg,@apple #iOS.5 has been nothing but a pain in the ass no room for my music.. Or photos.. Or apps! Can I undo this garbage??
Neg,90 minutes after being at 100% my iPhone 4 (post #ios5 upgrade) has lost 40% of its charge and the @apple store folks are out of ideas.
Neg,@apple why my tunes no go on my iPhone? iPhone lonely without them. silly #iOS5
Neg,RT @ShayDiddy: @CircusTK @ups @apple both of them are bs!!! How do u tell me go between a certain time ONLY and the muh fuh is closed!
Neutral,@NoVaTyler: @Foreverfit4u amazing how quickly apple went down the poop tube It couldn't have 2do w/operator error! #sarcasm Still  @apple
Neg,I am very upset about and inconvenienced by this iphone update failed backup. @iphone @apple
Neutral,Notes for Jobs @Apple store in Palo alto downtown. http://t.co/4BJjfq4h
Neg,#DontBeMadAtMeBecause #Android is by far better than @Apple
Neutral,@Apple needs to give me a contract deal i get them new customers all the time #teamiphone
Neg,@Apple unhappy again with service/product quality. Won't buy @Apple again.
Neg,should be studying/ doing work but no I'm hold with @apple HURRY THE FUCK UP! #nopatience
Neutral,@WIREDInsider beautiful yes. though it simply reminds me of @apple's spinning wheel of death. clock reinvented: http://t.co/tJcJAqfl
Neg,none of my apps work after the new ios from @apple. what do i do?!?
Neg,@jane73 @Gazmaz hopefully it's a small bug @Apple must be fixing it. RIGHT  APPLE }:0( #itjustworks
Pos,@Apple Safari Reader owns the worldwide web
Neutral,One thing I want from #ios is searching in the add bar similar to what Firefox or droid phones do. But thnx for a talking Google @apple ...
Neg,@bisquiat @Apple the upgrade just slows down my phone so much it's stuck half the time. uch. thankfully no other damage. sucks for you :(
Neg,@Apple you're killing me. Excited about iOS5 no longer- tragic battery drain genius bar wants to replace the battery. Really?
Pos,I must admit @apple has made me a very happy camper! I have text tones now! Lol! Ring tone: #MakeMeProud Drakes vers! Text tone: Nicki's
Pos,Amazing new @Apple iOs 5 feature.  http://t.co/jatFVfpM
Neg,@carlton858: I really hate dealing with the brain dead people at the @apple store. For such good products customer service sucks. in NZ?
Neutral,@_courtneytaylor @apple did you get a 4S?
Neutral,I love @apple & I love my phone.. but ever since this damn update my texts keep saying they're full when there are none & that's a PROBLEM!!
Neutral,3 principal global players will be active in every market...@Amazon @Apple & @Kobo. @MikeShatzkin http://t.co/1ndxcMO1 #dbw #metacon
Neg,I'm wit chu!! @ShayDiddy: Officially boycotting @ups!!! Calling @apple to curse them out next for using them wasting my time!
Neutral,@Apple needs to take down the Steve Jobs tribute and get back to promoting the brand - put the Cloud on the front page and start explaining
Pos,.@apple thanks for fixing this... http://t.co/wTj1ogDO
Pos,Is it just me or is #iOS5 faster for the iPad? @apple
Neutral,RT @ajrogers Purdie Rogers tribute to #SteveJobs and @apple. We spray painted the Macintosh Plus w.. http://t.co/oMXjhZh0
Neg,@Steelo254 yea! I pre-order through @apple and they sorry too just like #AT&T
Neutral,@Apple feel free to accidently ship me a new iPhone 4s #nobigdeal
Neutral,#Win an @Apple iPod Touch from @Mommy_gaga get the @Pampers Hello World Baby Memories App! http://t.co/I6woujUh #PampersHelloApps
Neutral,@SamsungMobileUS @Apple would disagree with you right now.
Neg,@robert_terpstra no worries bud ps: they're saying that the 4s is having a lot of network issues right now. (I'm @apple for mac problems)
Neutral,In front of the @apple store. So many blue shirts I feel like I'm at a smurf reunion. #iPhone4S
Pos,! Currently learning Mandarin for my upcoming trip to Hong Kong. I gotta hand it to @Apple iPhones & their uber useful flashcard apps
Neutral,Can this ho Siri update your tweets? cc: @apple @iPhone_News
Pos,Come to the dark side @gretcheneclark: Hey @apple if you send me a free iPhone I will publicly and ceremoniously burn my #BlackBerry.
Neg,@Apple can't send me an iPhone preordered 1hr after launching but they cans send 5 or 10 to all the jackasses who want to shoot or blend 'em
Neutral,@Apple received 1m pre-orders in a single day for its new iPhone 4S #consumer_demand #steve_jobs
Neutral,@APPLE freaks is Siri available for Iphone 4 yet?
Neutral,Noticed how @apple has added the like & tweet icons on their page? http://t.co/PZoNZeC8 #like #facebook #tweet
Pos,@Twitter CEO points to @Apple as 'corporate mentor' as @iOS signups triple http://t.co/GCY8iphN
Neg,Dear @apple My new Air is now a notbook since your update killed #wifi #bug #destroying #productivity
Neutral,RT @DailyDealChat: @bidmyway I like your app for the @apple iPhone very simple and easy to use!
Neg,Damn it @Apple!! Whatchu done to my phone??
Neutral,Win an @Apple iPod Touch from @Mommy_gaga get the @Pampers Hello World Baby Memories App! http://t.co/2XJZaLCs #PampersHelloApps
Neutral,Whoa! Line at @apple store in Glendale for iPhone 4S  http://t.co/yZlpogXB
Neutral,Or hide it.. RT @LucasBlack: Dear @Apple.Re: Newsstand. Don't advertise magazines for free:they're NOT free.Alsoallow us to remove the app.
Pos,God Bless @YouTube @apple for  #appletv & our bad ass system. LOVING #PrincessOfChina. GB to @coldplay & @rihanna too :)
Neutral,IHS: iPhone 4S shows key design and component changes. http://t.co/Y3Mali6y  @apple #apple #iphome4S #ios5
Neg,Dear @apple please send me my Mac Book back surely the repair is done by now... Thanks!
Neutral,A court in Sydney banned the sale of @Samsung 's Galaxy Tab in Australia over intellectual property infringement claims by @Apple  #IP_wars
Neutral,#California Governor @JerryBrown declares today #SteveJobsDay in his State. Music video tribute  http://t.co/mNr1HIx2 @mashable @cnet @apple
Neg,Apparently fuzzball crashes on #iOS5. Congratulations @apple on another incompatible upgrade
Neg,@ford should have teamed up with @Apple instead of @microsoft to make this SYNC system in my new focus. Car is sweet SYNC is #EpicFail
Neutral,@Blackberry -vs- @Apple iPhone?
Neutral,Our trip to SF and Silicon Valley is about to end. Visit @Apple HQ is one of the final stops. http://t.co/ikoOqdoc
Neg,Hey @apple now I have iOS5 my iPhone doesn't include songs that are on compilation albums under the artist's name. #whaddupwitdat
Neg,@Apple would do better to inform customers properly about migrating to #iCloud - many complaints lead to #image damage http://t.co/QL7zmPpO
Neutral,Still a line @apple store Hillsdale mall #94402 http://t.co/wzVxNz8E
Neg,I really hate that @apple won't let you hide the Newsstand app or move it into a folder. It serves no purpose for me.
Neg,So @PhoenixSwinger 's iPhone 4 is giving her a hella hard time w/ the iOS5 update @apple
Neg,Having major battery drain issue since updating iPhone 4 to iOS 5.  Anyone else? @AppStore @iPhone @apple
Neutral,Tell how Steve Jobs & @Apple changed your life and $5 will be donated to Pancreatic #Cancer Research! @PanCAN @Pan_Act http://t.co/BWzganje
Pos,Loving my new #iPhone4S thanks @apple for #ios5
Neutral,IHS: iPhone 4S shows key design and component changes. http://t.co/gZmdzvLe  @apple #apple #iphome4S #ios5
Neutral,Awesome documentary about how apple was created.. #stevejobs #apple @apple http://t.co/Qetk8ds2
Neutral,Been MIA from Twitter.. But now Tweeting from my new @apple iPhone! :) #finallycool #notreally well It IS ..I'm not :) #stilllearning
Neutral,Head to our FB page for a link to the @Apple Community Support Page detailing how to turn off #newsstand auto renewal.http://t.co/65HPp0tu
Neutral,Fregon el nuevo facebook para iPod/iPhone haha alomejor ya tiene rato pero yo lo acabo de actualizar @apple
Neutral,@Motorola is the Best Android-powered company that is going against @Apple.
Neg,I just need to exchange a cord at the apple store why do I have to wait for a genius? @apple
Neg,RT @MikeFerri: If @apple doesn't fix iOS5 this week I'm buying a droid #emptythreats
Neg,@apple cu
Neg,Yellowgate? Some iPhone 4S Users Complain of Yellow Tint to Screen http://t.co/uaqrxTNk @apple @iphone4s
Neg,Suddenly lost all address book on @3GS iPhone. And someone was using my @Apple ID. It all fucked up.
Neutral,RT @adamnash: The takeaway from the @Apple earnings call?  Even Apple needs a new iPhone release every 12 months to stay competitive. cc ...
Neg,#appleupdates2 success stories- iPhone & iPad 2.Now been on phone to Apple 45 mins. iPad 1 WILL not. Wasting my time @apple#Replaceit!
Neutral,@apple and I'm looking at the outside & all you see is sticky notes about steve jobs
Neg,OMG @apple WHY THE FUCK DID YOU DELETE ALL MY MUSIC YOU DICKS
Pos,Bravo @Apple! http://t.co/BgoTzj7K
Neutral,Interesting times when increasing your revenue from $20B to $28B in a recession is considered a disappointment. @apple
Neg,@betweensundays Ah! Yeah...should be an option...hopefully @apple figures that out. Thx
Neutral,@Mommy_gaga #Win an @Apple iPod Touch @Mommy_gaga get the @Pampers Hello World Baby Memories App! http://t.co/qEATNMpI #PampersHelloApps
Neutral,Siri is cool but more importantly handy and FUNNY. @Apple please configure it for Canada. What's with the racism EH?
Neutral,Why doesn't the Genius have songs for Watch the Throne yet? HUH? @APPLE ?????
Pos,Finally got my iPhone 4S thanks @Apple. Stupid @att. Learned my lesson.
Pos,Loving #iOS5 !! #awesome @Apple
Neg,Disappointing visual merchandising @apple. Simple but lacks elegance. And sequence doesn't even tell us about #Siri. http://t.co/XV2q3gfi
Neutral,Anyone know why we can only read iBooks on the iPhone and iPad? Any ideas how to read them on mac? @apple
Neutral,dear @apple please invent FaceTime Voicemails. sincerely haendel balzora jr. #apple
Neg,Hey guys at @Apple WTF is happening to #iPhone4 with #iOS5 suddenly fade to black and begin to vibrate continuously I had to reboot it
Neutral,#Siri on @Apple #iPhone4S can allow unauthorized access to texts and emails even when the phone is locked!! http://t.co/0q5dLt22
Neg,Pissed with whoever designs keyboards with @apple for not having a home and end key.  working on the CLI i use those keys often
Neg,@Apple #iOS5 NONSTOP DROPPED CALLS&MUTE BUTTON RANDOMLY ACTIVATING&PERSON CANT HEAR ME PULL PHONE FROM EAR TO BE ON A MOBILE ME SCREEN
Neg,Dear @Apple how convenient/handy/thoughtful/smart that after iPhone #ios5 update you're apps won't work anymore! (none!!!) :( #gr%\mbl^.%)
Neutral,.@Apple has a record quarter and because a bunch of professional guessers (aka analysts) wanted more its a disappointment #wtf
Pos,#iOS5 update submitted to @apple! Thanks for all the support!
Neutral,Smh at @ItsTheSituation for trying to cut in line for a 4S. Cmon mayne if @Apple's cofounder stood in line then you are too.
Neutral,Attending #mobilemem  listening to James Kelley from @apple .
Neutral,People are waiting in line @apple for phones at 1:30 on a Tuesday! Don't you people have Jobs(no pun intended?)???
Neutral,#Win an @Apple iPod Touch from @Mommy_gaga get the @Pampers Hello World Baby Memories App! http://t.co/DLLabuAK #PampersHelloApps
Pos,#sweet... #apple replaced my glass #probono. thank you @apple
Neutral,Why didn't @apple provide 5GB per device for cloud backup?  Why just 5GB per account?  Silly.
Pos,@apple @siri is efffing amazing!!
Neutral,Would you look at that.. @SouthwestAir does @Apple style welcomes as well. http://t.co/t0TrFnk8 #customerappreciation #custserv
Neutral,@Apple Y U NO LET ME PRE-ORDER IPHONE 4S?
Neg,@apple AirDrop #fail - Immediate declined your request. every time
Neutral,@ireton Perhaps it's time for @Apple to come out with an app called iSuck that lets you know which apps are killing your battery life
Neutral,@coatgal @apple considering his circumstances - suffering faults on/off for long periods -They replaced his phone with a new as a  goodwill
Neutral,@virgojud81 well maybe if you would set ya @apple products to send push notifications it would go through.
Neutral,@apple is profiting a min of $400 per 4s.  They sold 4 million this weekend. That's another 1.6 Billion to Apples coffers! #worldRecession?
Pos,the nice guy at the @apple store replaced my phone gratis when I showed him the hairline  crack on the screen. thanks @apple
Neg,Dear @apple. I had to turn off all those awesome featured you just enabled. Data plan can't handle it. 200 mb of data just because #
Neutral,#BreakingNews @Gizmodo reports: @Apple #iPhone 4S sold over $4 million over the weekend! #TrueStory  http://t.co/BEj32s6a
Neg,any chance @apple will release good headphones that dont blast music outside the ears? #iphone #ipod its quite obnoxious
Neutral,@apple must be launching a #searchengine - imminent surely. #AppleSearch #AppleCore #bigapple haha! Please be the latter
Pos,@RickySinghPT got a new backside for my eye phone! V impressed with @apple
Neutral,Really @Apple and @ATT - Removing the 3G/EDGE switch on iOS 5? You do realize that you work on the 3G network in places often right?
Pos,RT @katebetts: Another great James Stewart story in today's NY Times about importance of architecture in @apple retail success http://t. ...
Neg,@apple not happy with Apple today. I did the suggested software update and now nothing works!!!
Pos,Updated my iOS and started using cloud services. Pretty bad ass @apple my #iPhone 3GS still the champ.
Neutral,RT @Porter_Anderson: 3 principal global players will be active in every market...@Amazon @Apple & @Kobo. #fbf11 #publaunch @MikeShat ...
Neutral,RT @robertoafelipe: @apple predicts #Siri in 1987 in video the video is staged for September 2011 http://t.co/tFNRP3MD
Neutral,@apple How much is the student discount on the MacBook Air in Canada? Your reps have said both $50 and $100. Which is it? Thanks! #laptop
Neutral,The new @apple #find my friends app is great.... except the part where you have to log in everytime. Get back to me when this is changed...
Neg,@apple thanks apple for ios 5 and losing all my contacts!
Neutral,Steve Jobs Biopic Coming Soon - @Apple #Apple #SteveJobs http://t.co/DxZBa5bG
Neutral,Lmao RT @RobynheaRtz: He asked Siri where's the hoes at & she told him where the nearest escorts were I love @apple
Pos,@apple by far the best iPod and first time iPhone ever.... Good job guys
Neg,@apple thank you for ruining my 3GS with #iOS5. You've just turned my phone into an utterly useless pile of shit.
Pos,Lmao I think @apple is onto something magical! I am DYING!!! haha. Siri suggested where to find whores and where to hide a body lolol
Neg,@Mayati I think @Apple didn't do such a thorough job with the step x steps for upgrade and move to iCloud. Now it's cost me mightily.
Neutral,yes i am live tweeting my @apple tech support call. Isn't this fun?
Neutral,Watching @cotmtulsa webcast on Joseph  from my iPad on my @apple TV. I love technology. http://t.co/mpBZyl72
Neutral,@Mommy_gaga  #Win an @Apple iPod Touch @Mommy_gaga get the @Pampers Hello World Baby Memories App! http://t.co/qEATNMpI #PampersHelloApps
Neutral,Ok so it was a lion and not a leopard. Too much upgrading this weekend. @apple
Neg,Wtf @apple 64 pages for the new terms & conditions when u update ur apps from the iTunes store. Do u really think we'll read em? Really???
Pos,Another great James Stewart story in today's NY Times about importance of architecture in @apple retail success http://t.co/Kniz452s
Neutral,bored - need a new intriguing #app for my #iPad.  Any suggestions?  @apple #yyc @Gadget_Guy
Neutral,on that @Apple shit hard change my twitter name to @_iFynest
Neutral,@Apple will be rolling out iPhone 4S to more than 20 more countries by the end of the month.
Neg,screw you @apple iOS 5. I can't download this crap and I'm tired of trying. Get this problem figured out about my connection timing out
Pos,RT @herahussain: @RickySinghPT got a new backside for my eye phone! V impressed with @apple
Pos,@apple Cards app notifies me the card I sent has arrived at local post office and should be delivered today... Sunday. Truly is #magic.
Neg,@apple domain fail. Open 2 hrs late for walk in ppl. Store was empty and i only need a skin 4 my screen. You represent customer service FAIL
Neutral,This is better than *every* magazine having their own #app! @EatMagazine @Apple supports magazines. #Ipad upgrade adds Newsstand #app
Neg,@apple WTF why can we not add the newsstand to a folder?! We are already in your walled garden so please don't remind us of it.
Neg,Why doesn't @apple iCloud sync Stickies? They've always been around just nothing every progressed w/ them!! Why apple why?  @gruber
Neutral,@RhiannaRaee hanging @apple in tacoma listening to the beatles!
Neutral,@leg3nd @apple the new iPhone?
Neutral,@Apple to shut stores!!! C'mon Only Wednesday for @SteveJobs memorial.
Neutral,Just made the switch from @BlackBerry  to @apple and never looking back! #bbwho?
Neutral,@apple http://t.co/2YcsCG68 via @donorschoose
Pos,Another mention for Apple Store: http://t.co/fiIOApKt - RT @floridamike Once again getting great customer service from the @apple store ...
Neg,Wow the Genius Bar Reservation Line @Apple is ridic right now - ___- I am not amused. #ugh
Pos,I am crazy about #iOS5 . The photo cropping is the best! @apple
Neutral,ok it is back @iphone @apple
Neutral,@apple karaoke ceel w/ @nandamaulida @putriasmara @galuhoktriana @milatus :p
Pos,i love this. so much. thank you @apple.  http://t.co/Ui8lOEzX
Neg,@twitter can you look at problem on iPad where it won't open @ messages. It just crashes the app. You too @apple maybe your fault.
Pos,Been off twitter for a few days as I smashed my iPhone but @apple were very nice and gave me a new one :)
Neg,One would think the voice recognition on the @apple tech support line would work a little better.
Neg,@APPLE Wow @MOTOROLA Just crushed your dreams....
Pos,Kind of excited. On my way to my last class right now and then going to the @Apple store so buy #MacOSC Snow Leopard and Lion :-)
Neutral,Siri says some weird things | This is my next... http://t.co/H8n7caSg via @verge @hasanga @mohoisham @apple #Siri #LMFAO
Pos,New iOS 5 update is THE BEST. iloveyou @apple
Neutral,So apparently that's not the correct @apple
Neutral,While the improvements in @Apple Mac OS 10.7 #Lion are great the full-screen implementation on 2 monitors is broken.
Neg,@Wisconsin_Mommy @apple that's terrible!  I hope you get an apology!
Neutral,iPhone 4S: Setup SIRI for your Tweets. http://t.co/uecqHL6k @apple #apple #iphone #siri
Neg,@FishMama: If you made a purchase just wait for the @apple survey! hate going b/c of the bad #custserv
Pos,@apple just got the new iOS5 upgrade with iMessage...good luck surviving now @BlackBerry
Neg,@samsung @apple you do realise you're just really pissing off the customer base AS WELL AS looking petty.
Neg,@trisha_ps @iCloud is Cloudy. @apple tech not very techy.
Neg,not happy with @apple right now. the upgrade to my itouch4 took out my itouch and laptop. #help
Neutral,OK @apple your accessories policy is out of hand. I need a powered line in to use the mic? Are you KIDDING ME?
Neg,Overall I am a fan of the iPhone 4S; however my Siri has issues connecting to the network @Apple
Neg,#iPad in perpetual restore loop after trying to upgrade to #iOS5 :(@apple sux without steve
Neutral,@Apple Why do you have a volume control in the fast app switcher!? Buttons. Volume buttons. You have them. Give me a brightness slider! #wtf
Pos,you are so blessed. @apple
Neutral,@BeeeThree I am aye I wasn't @apple
Neutral,Can someone explain to me how the hell iMessage differs from a text message? @Apple #fb
Neg,This does not bode well. After charging all night my @Apple iPhone 4S has 25% battery after only 3hr off charger with no calls & light use
Neg,You can make photo albums in the Photos app with iOS 5 but can't password protect them? Um... @apple fix that. Quickly.
Neutral,Hey @Apple could you hook the voice memos app on the iPhone up with fine scrubbing? Journalists need love too.
Pos,Love love love iOS 5!! @apple
Neutral,@apple @iphone sold more because its in more retail duhhhh. Also woz is correct people dont want tech answer just simple child like ones ok!
Neutral,Go big or go home @Apple users - here are some apps that make your #4s iPhone s-s-super http://t.co/t74BQyim via @mashable - MS
Neg,Is it too much to ask which app is incompatible @apple? http://t.co/yKqip7nk
Neg,2nd @apple genius apptment running late 2nd day in row for 2nd dodgy iPod . You make mega $$$ hire some staff.
Neg,@apple just now seeing none of my Microsoft Office programs work anymore after Lion upgrade. Why??
Neutral,#SaturdayCute: Shit That #Siri Says. @Apple designers knew what people were going to ask the new digital assistant... http://t.co/Ecji1iIo
Neg,The new iOS5 completely failed at upgrading the phone. Now I'm stuck in this restore loop. Thanks @apple for wasting my day. Can i undo?
Neutral,If you sign up for iClould will you also get iRain? @apple #icloud.
Neutral,@cnbcfastmomey what price should I sell @apple for
Neutral,@azee1v1 @apple @umber Better file info/easier to get to duplication of files when importing. Categorizing files.
Neutral,De la nada mi #iPhone4 se fue a negro y empez a vibrar hubo que resetearlo que onda con #iOS5 WTFH @Apple
Neg,@ryanbaldwin @apple So in iTunes I go Store -&gt; Authorise why doesn't it just auto-authorise it when I sign into iTunes? Grrrr...
Pos,Play on ma man. Loving the camera in the #iphone4s. Well done @apple  #fb http://t.co/tmdFqRe1
Neutral,Win an @Apple iPod Touch from @Mommy_gaga get the @Pampers Hello World Baby Memories App! http://t.co/XVcch6Os #PampersHelloApps
Neg,Have never had such poor customer service at @Apple before! What happened? (@ Apple Store w/ 2 others) http://t.co/GKlXMUi6
Neg,@apple took my Siri and made it exclusive to iPhone 4S  #SoRude
Neutral,@AsgariAJ #iPhone need to tell @Apple that
Neutral,RT @edatpost: Bah! Genius BAR // RT @edatpost: .@Apple fan Eric Holder spotted at the Genius Store http://t.co/FTLttLPn
Neg,What happened? RT @xCuntNuggetx: Never purchasing another item from @apple.
Neutral,Apple sold 4 million iPhone 4S units on first weekend - Appletell: http://t.co/vs5r1oox #iPhone4S @Apple #fb
Neutral,Lemme just say iOS5 is mad cool BUT it needs A LOT of bug fixes @Apple
Neutral,@apple predicts #Siri in 1987 in video the video is staged for September 2011 http://t.co/tFNRP3MD
Neutral,how do you sync gmail contacts with your iphone? help please! @apple @gmail
Neutral,@Dropbox balked at acquisition by @Apple. My apps thank them. :)  http://t.co/VsYPl9Xu
Neutral,@apple out of respect I really do think  the Apple logo should be revised to the one you have no doubt seen http://t.co/xNKwgxme
Neutral,iPhone 4S: Setup SIRI for your Tweets. http://t.co/fZ216OiJ @apple #apple #iphone #siri
Neutral,Next year is going to be really interesting in tech as @Google @Amazon @Facebook and @Apple vie for new growth areas http://t.co/kkaKFsCH
Neutral,@apple y u run out of 64gb iPhone!? Now I have to settle for 32gb. Saved 100$ though(:#content
Neutral,Another shrewd business model move by @Amazon http://t.co/OQJRRYFq Rooting for the dark horse in the @facebook @google @apple war? #tech
Neutral,iPhone 4S: Setup SIRI for your Tweets. http://t.co/eyHmHSTM @apple #apple #iphone #siri
Neg,@NickTheFNicon He can send but not rcve txts so he has an apt @apple at 4pm.Then he exclaims: And I waited a whole YEAR for this phone!!LMAO
Neutral,Just had a look on eBay for iPhone 4s and some have 131624 bids at well over 500 some 530 (16gb white)  they are 499 delivered @apple
Neutral,How the community saw #SteveJobs - 12 Most #Community iCelebrates Steve Jobs - http://t.co/jJRwIvmc @Apple
Neutral,He asked Siri where's the hoes at & she told him where the nearest escorts were I love @apple
Neutral,Goodbye @Evernote Welcome #NotesintheCloud thx @Apple
Neutral,U pick Camera&Iphone4s orCamera&Ipad2?????????????? @apple
Neutral,Cool @apple / Steve Jobs infographic http://t.co/Prb5yx4X @MickH87 - timeline history
Neg,I will never purchase another @Apple product for the rest of my life. I am glad Steve Jobs is fucking dead. MAY YOU FUCKING ROT IN HELL!!!!!
Neutral,Stay young stay foolish. But take ownership when u f*ck up don't complain and never give up. #resilience @apple
Neutral,iPhone 4S First Weekend Sales Top Four Million: http://t.co/O7zqnY7K (via @apple)
Neutral,@Apple main office is #nowplaying  A milli - Lil Wayne.
Neutral,Steve's last Design is apparently the @apple #apple #iPhone 5 | http://t.co/DIfQTmwm
Neutral,waiting for Jacob @fairview @apple storeee
Neg,@Blackberry does take better quality photos than @Apple iPhone though. I give them that! #photograhersEye
Neg,Total chaos at @apple store regent street. Like an Ethiopian feeding station. Can't believe this is same co. that makes all that cool shit.
Neutral,Dear @motorola I smell a lawsuit coming your way. cc: @apple #motoactv
Pos,Using my awsome iPad... I love it. I love my MacBook too and my iPod. It's all amazing! I love @apple
Neg,@twalve @apple you know the issues they have with DST and alarms :p
Neutral,Easiest way to use Evernote with iPhone 4S Siri. Just tell Siri to Email Evernote and say your note. @evernote @apple #evernote #siri
Pos,@Apple: Siri is amazing!!! I'm in love!
Neutral,Just when #TomCruise thought he had a unique name for his daughter @Apple pulls the rug out from under him with the new #Siri App.
Neutral,@moLifer26 @apple When we find people standing in the middle of blood-soaked rooms saying Siri told me to? #noreallyihearvoices
Neutral,Why @Apple so valuable good analysis of trended profits iOS vs. Microsoft: Comparing the bottom lines  http://t.co/k9qst4R4 via @asymco
